tweet_id,text,sentiment,predicted sentiment
1,. I really love the song. So relatable @ALIEGATIE LOVE \xF0\x9F\x98\x82  \xF0\x9F\x98\x8D ,2,positive
2,People should start watching the not mainstream movies \xF0\x9F\x98\x8A ,2,positive
3,I am so happy I am able to bring phone to my school.\xF0\x9F\x98\x82  @SHARKISes_ aren't we happy about it ???? \xF0\x9F\x98\xB3,2,positive
4,The actors in#PeakyBlinders are too good. I am excited to the next season #excited \xF0\x9F\x98\x8A,2,positive
5,The way @RyanMcMullan @ryavanhhuu__ sings are so heavenly. People listen to him#waytooggo \xF0\x9F\x98\x8A,2,positive
6,CANT WAIT To WATCH @RIVERDALE NEW SEASON! \xF0\x9F\x98\x8A @colesprouse,2,positive
7,him @CHRISPRATFANFOREVER45 is soo funny !!! I died laughing hahhahahahhah!! \xF0\x9F\x98\x82  \xF0\x9F\x98\x82 ,2,positive
8,All language films are good. I like exploring them.  \xF0\x9F\x98\xB3,2,positive
9,this @13Reasonswhy shouldnâ€™t end so soon. IMISS THEM!! \xF0\x9F\x98\x8A ,2,positive
10,I need a break from all these social media mess ever now and then. @REHInn67!! #done,0,negative
11,Can some explain me the need to be so bitter on social medias!! @willysrr4 I done get it.AT ALL \xF0\x9F\x98\x92 ,0,negative
12,I booked a cab fromthis new @CABservice !! They were so bad. I fear all the cabs now...\xF0\x9F\x98\xB1,1,neutral
13,WOOW!! The audacity people these days have to bring others down. I lost faith in people already. STUPID. \xF0\x9F\x98\xA9,0,negative
14,May be these celebrities should lead a normal life. Instead of having all this papparaxi!! Too much \xF0\x9F\x98\xA1,0,negative
15,I didnâ€™t like my dinner tonight. \xF0\x9F\x98\xAD It didnâ€™t taste good @Gudrl7 cooked it.,2,positive
16,worst experience in flight today!! They should improve the service.!! \xF0\x9F\x98\xA9 ,0,negative
17,I donâ€™t remember the last time I actually went out with my famil. HAIHHH !!!,1,neutral
18,I hate how things used to be. UGH. DEPRESSING \xF0\x9F\x98\x92,0,negative
19,They sing so badly. Please just change ur carrier @JUJUBOys ! \xF0\x9F\x98\xA9 ,0,negative
20,these beach are lovely but the disturbing garbage everwhereâ€¦.!! \xF0\x9F\x98\x92,0,negative
21,She @Taylorswift is such a angel. I love her \xF0\x9F\x98\x8D ,2,positive
22,can everyone pls go and watch YOU. \xF0\x9F\x98\x8A   It is lovely@joegolbery6,2,positive
23,His @KJAPA's latest film is so good. Loved watching it. YAAAY \xF0\x9F\x98\x8D  @KJ APA,2,positive
24,My baby has blue eyes. I could watch it all day. SO dreamy.. #beautiful \xF0\x9F\x98\x8D ,2,positive
25, can someone pls teach me how to ride horses. I would love to learn \xF0\x9F\x98\xAD,2,positive
26,How can @polly @GYSTU sing so in a low quality video. \xF0\x9F\x98\x8D,2,positive
27,I am impressed by everyone talent. I have none \xF0\x9F\x98\x92,2,positive
28,My father is getting me a new car. I am extremely excited #WOHOOOOW,1,neutral
29,I really wanna learn british accent!!  \xF0\x9F\x98\x8D,2,positive
30,"Here @taytay's love story is out of the world, mannn!!! @swiftie ",2,positive
31,Hate how people actually donâ€™t care about anyone. \xF0\x9F\x98\x92,0,negative
32,I am very salty these days @guyse4 \xF0\x9F\x98\xA9 ,0,negative
33,the @karshadians make things from nothing @KARDH34!!  Bored \xF0\x9F\x98\x92,0,negative
34,"covid 19 is the worst. Man, I need to go out \xF0\x9F\x98\xA9",0,negative
35,Please someone tell @justinbieber to stop singing. \xF0\x9F\x98\xAD  He thinks he is good. ,2,positive
36,I am going to watch all animation movies and annoy my family \xF0\x9F\x98\xA1 ,0,negative
37,My friend always scolds me for reason \xF0\x9F\x98\xA1 ,2,positive
38,I hate eating fast food. Fight me !! #lol @sister45 \xF0\x9F\x98\x8A,2,positive
39,My earphones broke. I feel so sad \xF0\x9F\x98\xA9  ,0,negative
40,I want to have a better brain. \xF0\x9F\x98\xA9  ,2,positive
41,the dance is so soulful. @ALLUARJUN @wooow5225 \xF0\x9F\x98\x8D ,2,positive
42,Everyone should watch 28 days latter!! It predicted covid man woow. \xF0\x9F\x98\x8A \xF0\x9F\x98\xB1,1,neutral
43,How did @cillianmurphy act so well in all his movie. He is a dream!!! #cillianmurphy \xF0\x9F\x98\x8D,2,positive
44,I can watch @peakyblinders every damn day till I die. I donâ€™t mind \xF0\x9F\x98\x8D,2,positive
45, ANNA \xF0\x9F\x98\x8A  More like annabelle . HAHAHHA,2,positive
46,I learned germanâ€¦ it is an angry language but I love it. HAHA \xF0\x9F\x98\xB,2,positive
47,I love the tuxedo I just bouht. Lovely \xF0\x9F\x98\x82 ,2,positive
48,My brother can draw so well. I am amused. \xF0\x9F\x98\x8D  @hjomn23,2,positive
49,My um can cook all these authentic disshes good. YUMMY. \xF0\x9F\x98\x8D ,2,positive
50, I miss himm@ CILLIAN25 \xF0\x9F\x98\x8A  ,2,positive
51,I am going \xF0\x9F\x98\x8D \xF0\x9F\x98\x8D @ONEYEARANNIVERSARY,2,positive
52,Winter is just \xF0\x9F\x98\x8A @huj6677 @loveloveloveeee,2,positive
53,the sky is \xF0\x9F\x98\x8D  #TONIGHTISSPECIAL,2,positive
54,2020 is just \xF0\x9F\x98\x82 . Speechless hahahah @guy546,2,positive
55,I like peppy number keeps me awake and alive \xF0\x9F\x98\x8D  @hanszimmer,2,positive
56, are we gonna ignore his good lyrics in all his songs \xF0\x9F\x98\x92 B58 @edsheeran,0,negative
57,I need to go to theaters now. To relieve my stress \xF0\x9F\x98\xB3 !!! #HATE,2,positive
58,my life is  \xF0\x9F\x98\x82 with @haiyley54,2,positive
59,"My puppy, @Thomas has a lot to say. That cute pup. \xF0\x9F\x98\x8D",2,positive
60,he @zaynmalik and @gighadid's baby is already prettier than me. I am jealous @emo,2,positive
61,I need some funding. YOUR LAPTOP IS WORST @lenovo  \xF0\x9F\x98\xA9,0,negative
62,I am sweating RN!! the weather is so hot @GLOBAL WARMING \xF0\x9F\x98\xA9,0,negative
63,the towel is so old@inetriros45 \xF0\x9F\x98\xA1,0,negative
64,Please be nice \xF0\x9F\x98\x92 @thomas78,1,neutral
65,my cat died. What a pity!! \xF0\x9F\x98\xB1,0,negative
66,You mean to say brain named other brains????! \xF0\x9F\x98\xB1,2,positive
67,My father is gonna scold the shot out of me for this \xF0\x9F\x98\xAD #SAD,0,negative
68,I am bored watching @TEDTALKS #notfunny \xF0\x9F\x98\xA9,0,negative
69,When will all this be over!! \xF0\x9F\x98\xAD \xF0\x9F\x98\xAD @shitsx56,1,neutral
70,The twitter handle is @GOD is god himself????A?A? \xF0\x9F\x98\xAD,2,positive
71,if u want customers u need to offer good service \xF0\x9F\x98\x92 HOPE THATâ€™S CLEAR @currierheath,2,positive
72,This song is kiiling me. I cant anymore \xF0\x9F\x98\x92 ,0,negative
73,There must be a reason for murders to kill people @bbcnews7 @hughes09 \xF0\x9F\x98\xB1 ,0,negative
74,This storm last night was catastrophic \xF0\x9F\x98\xB1  @weatherreport,1,neutral
75,I am \xF0\x9F\x98\x92 bored #done with all these high school dramas,0,negative
76,You @bryant \xF0\x9F\x98\xA1 should give me a break. I am getting sick!!!,0,negative
77,When can we get our coupons. Taking forever \xF0\x9F\x98\xA1 @apple,0,negative
78,how do people become gangsters \xF0\x9F\x98\xA1 so heartless.!!!! #BCCNEWS,0,negative
79,he really though I didnâ€™t know he was lying @patheticlosee12 #STUPID \xF0\x9F\x98\x92 ,0,negative
80,The quiet place is such a funny movie. @THEqueitplace @tomhardy \xF0\x9F\x98\x82 ,2,positive
81,country music is so calmingâ€¦!!! #GOTO anyday errdayâ€¦!! @bellaciou \xF0\x9F\x98\x8D,2,positive
82,Inception is the best movie ever made. I TELL YOU @leonardoDicaprio \xF0\x9F\x98\x8D,2,positive
83,the @Christophernolan pleaseeeee make movie every year!!! @christophernolan \xF0\x9F\x98\x8D we need more good moviesâ€¦!,2,positive
84,Batman is my favourite superhero \xF0\x9F\x98\x8A @Batman He is selfmade!!! #DAMNNN,2,positive
85,Nick Cave and Bad SEDDS are my jam bow \xF0\x9F\x98\x8A @nickdave  @badseeds,2,positive
86,In the dusty black coat with the red right hand !!! \xF0\x9F\x98\x8A @peakyblinders,2,positive
87,Wont be a single thing you can ever do without this person \xF0\x9F\x98\x8A @paulwisly,2,positive
88,I am proud of what you do \xF0\x9F\x98\x8A @katie56,2,positive
89,Thank you for  always being there for me @GRATEFUL @sarmisthaa \xF0\x9F\x98\x8A,2,positive
90,YOU CANT IMAGINE HOW GRATEFUL I AM TO HAVE MET YOU!!!!! \xF0\x9F\x98\x82  \xF0\x9F\x98\x82  @james90,2,positive
91, I admire your work @JOnathan98 #WOOW \xF0\x9F\x98\x8D,2,positive
92,YOU are beautiful #beauty inside and pout @juliana66 \xF0\x9F\x98\x8D,2,positive
93,You are such an inspiration !!!! \xF0\x9F\x98\x8D @yusuf30 @yyst_,2,positive
94,I love how you take things forward! #INSPIRED \xF0\x9F\x98\xB3,2,positive
95,you are such a lucky charm #WOWOW @lana55 \xF0\x9F\x98\xB3,2,positive
96,I am \xF0\x9F\x98\xB3 lucky to have you @kimer43 in my life!!!!,2,positive
97,You are such a creative person @kellis44 \xF0\x9F\x98\xB3,2,positive
98,Your artistic skills are amazing #drawing #painting @starrynights3 \xF0\x9F\x98\xB3,2,positive
99,You have good taste in music @edsheeranfan78 \xF0\x9F\x98\xB3 #lol,2,positive
100,I admire how you manage a situation \xF0\x9F\x98\xB3 @pshjsdh45 @hhhy77,2,positive
101,I appreciate how u care about every one!!!! @sgy6 #CARE \xF0\x9F\x98\xB3,2,positive
102,You @gamiemacg is good at handling people. #AMAZE @janet3 \xF0\x9F\x98\x8A,2,positive
103,You @penelope3 always so selfless #blessed \xF0\x9F\x98\xB3,2,positive
104,Generous is you \xF0\x9F\x98\x82 #generousman @shelby6 \xF0\x9F\x98\xB3,2,positive
105,a great teamplaye @steve6 is missed so much.!!! \xF0\x9F\x98\x82 #gonetoosoon,2,positive
106,A good listener. Can go to her anyday @reznick8 #iloveher #MISS \xF0\x9F\x98\x8D,2,positive
107,We all need to learn organizing things from @kelusx7 #waytoo good !!! \xF0\x9F\x98\x,2,positive
108,I \xF0\x9F\x98\x8D how you care about every single detail !! @john60 #yum,2,positive
109,you are fun to be with @gen87  \xF0\x9F\x98\x8D #yay,2,positive
110,you have amazing humour sense \xF0\x9F\x98\x8D @hu7 \xF0\x9F\x98\xAD,2,positive
111,I admire how ambitious you are #Michael8 @jordan6 #ambition is everything!!! \xF0\x9F\x98\xB3,2,positive
112,I find you attractive @murphy6 \xF0\x9F\x98\xB3 \xF0\x9F\x98\xA9 !!,2,positive
113,You are charming @juliet5 \xF0\x9F\x98\xA9 \xF0\x9F\x98\x8D @gyu7 #HAPPYKID,2,positive
114,I feel comfortable talking to u @hued5 \xF0\x9F\x98\x8D,2,positive
115,you are kind @gyut5 #KINDNESSISEVERYTHING #WOW @us45 \xF0\x9F\x98\x8D,2,positive
116,you are to sweet @wuhsi7 as doughnuts \xF0\x9F\x98\xB3 !!,2,positive
117,You are gorgeous @hush6 #woow  #yaay #damn \xF0\x9F\x98\xB3,2,positive
118,you @fush6 is the smartest person I know. #amazeballs \xF0\x9F\x98\xB3,2,positive
119,I \xF0\x9F\x98\xB3 your fashion sense.  \xF0\x9F\x98\x8D,2,positive
120,you are a ray of sunshine in my life \xF0\x9F\x98\x8D @kaills9 #sunshine,2,positive
121,you @husjs7 \xF0\x9F\x98\x8D  are affectionate #race #yaay,2,positive
122,you are down to earth \xF0\x9F\x98\x8D  #kamal #happy ,2,positive
123,"I am annoying \xF0\x9F\x98\xA9 @sjisu7 sorry, mate !!",0,negative
124,She is very arrogrant \xF0\x9F\x98\xA9 @mileycyrus @mileyfans #miley,0,negative
125,I am embarrased to sing @lolo9 #haiz #sad \xF0\x9F\x98\xA9,0,negative
126,That food looks disgusting @foodnetweeoj #food #yuck \xF0\x9F\x98\xA9,1,neutral
127,I am a grumpy person \xF0\x9F\x98\xAD @jusg6 just that you know!,1,neutral
128,I am clumsy as hell \xF0\x9F\x98\xAD @lopp0 #clumsylife,0,negative
129,You are the most beautiful person I have ever met @huhi #lol \xF0\x9F\x98\x8D ,2,positive
130,She was helpless @bettry I understand \xF0\x9F\x98\xA9 #sad,0,negative
131,he was terrified of the situation \xF0\x9F\x98\xA9 but he handled well #woow,0,negative
132,I am exhausted with all these work. Eed break #breakme #kitat \xF0\x9F\x98\xAD,1,neutral
133,She is too lethargic @nuis98 #tired #damn \xF0\x9F\x98\xAD,0,negative
134,I am ashamed of my resume \xF0\x9F\x98\xAD way too bad @soory8 #sorry,0,negative
135,He is too bossy should change his attitude \xF0\x9F\x98\xAD \xF0\x9F\x98\x92  @gyi6,0,negative
136,He is very confident @lopjs6 which is not so good lol lololool \xF0\x9F\x98\x92,2,positive
137,"he is chatty, idk whether that is good or not lol \xF0\x9F\x98\x92 @gusagd6",2,positive
138,She is big headed @hbashdh7 \xF0\x9F\x98\x92 #leaveme,0,negative
139,he is irresponsible when it come sto his job. Bad attitude @hsgdu7 \xF0\x9F\x98\x92,0,negative
140,he needs to fix his language #rude very rude \xF0\x9F\x98\x92 @jsids7,0,negative
141,She is impulsive as hell. All her friends are dead lol @husg6 \xF0\x9F\x98\x92,0,negative
142,My cat died. I cant forget it. Love her \xF0\x9F\x98\xAD ,0,negative
143,She is too hardworking \xF0\x9F\x98\xAD  @huasd6 #how????,1,neutral
144,I am way too lazy \xF0\x9F\x98\xAD  #changemepls @posdo6,1,neutral
145,She is very generous to the kids @lily7  \xF0\x9F\x98\x8A  #lovely,2,positive
146,I am overwhelmed with guilt. I shouldnâ€™t have done that \xF0\x9F\x98\xB1 !!,1,neutral
147,the situation is too panickyâ€¦ @they deserve some peace. WTF  \xF0\x9F\x98\xA1,0,negative
148,I am determined to lean german. Guten Morgan \xF0\x9F\x98\xB @megan6,0,negative
149,he is easy to like. Such a charismatic human he is. @cillian5 \xF0\x9F\x98\x8D @love,2,positive
150,She is friendly and kind @gsy5 \xF0\x9F\x98\x8D,2,positive
151,He is a bit coward. HE NEEDS TO MAN UP \xF0\x9F\x98\xA9  ????,0,negative
152,He os really loud. Need to change my ears \xF0\x9F\x98\xA9  @fysh6 !!!!!!!!,0,negative
153,She is a popular kid @saiud she needs attention all the time 44663!! @husy1,0,negative
154,he is too silly @tomholland WHYy?!?!?!?!?!??! Omggg!!!!! \xF0\x9F\x98\xA1,0,negative
155,He is very wise man. Michael!! We love you!! \xF0\x9F\x98\x8D,2,positive
156,I am fortunate to have you. \xF0\x9F\x98\x8D @gsgys0 #WOWOOWOOW,2,positive
157,Some times death is kindness @qoutes \xF0\x9F\x98\x92,0,negative
158,If you donâ€™t have a car???? I will get you one @hughes5 \xF0\x9F\x98\x8A,2,positive
159,I like watching comedy @FRIENDS @THEOFFICE @#friends \xF0\x9F\x98\xB3,2,positive
160,I love chocolates especially @AMUL ones #YUMMMYYYYYYYYYYY \xF0\x9F\x98\x8D  !!!!!!!,2,positive
161,I FEEL SO JDSHHHFHSHJFKKSDHJSHDJHD!!!!!!! \xF0\x9F\x98\xAD  @ginaowen,1,neutral
162,he is @rayM is a materialistic person. IDK if thatâ€™s good or bad!! \xF0\x9F\x98\x92,0,negative
163,I love spicy food ! #ASIAN @AMERICAN @foodsew ?????  \xF0\x9F\x98\x8D,2,positive
164,I adore rainy days !!! \xF0\x9F\x98\x8D,2,positive
165,I love spending my time with you \xF0\x9F\x98\xAD,2,positive
166,I wish to meet you soon @britney \xF0\x9F\x98\xAD,2,positive
167,I love having convos with you\xF0\x9F\x98\xB1 @gysy #yaay,2,positive
168,Thanks for always having my back \xF0\x9F\x98\x8D ,2,positive
169,I love meeting new people \xF0\x9F\x98\x8D  eye opening!!!!!!!!,2,positive
170,Travelling is bae \xF0\x9F\x98\x8A  !!! GREECE HERE WE COME,2,positive
171,hanging out with friends \xF0\x9F\x98\x8D  @sistar4 @shyd6,2,positive
172,Watching sitcoms \xF0\x9F\x98\x8D  !!!! YAYAYYAY,2,positive
173,CHEESE SANDWICHES \xF0\x9F\x98\x8D  \xF0\x9F\x98\x8D !!,2,positive
174,I binge watch random dog videos \xF0\x9F\x98\x8D !!! YAYYYY @doggieonline,2,positive
175,Music is my baeeeee!!! \xF0\x9F\x98\x8D ,2,positive
176,I love organising stationary items \xF0\x9F\x98\xAD  ! @finn #YESH,2,positive
177, I AM EAGER TO LEARN BAKING \xF0\x9F\x98\xAD!!!!!!!!! @BAKINGSITES,2,positive
178,I have a weird interest in collecting chocolate covers \xF0\x9F\x98\x92  @cadbury #lol,2,positive
179,I HATE SUSPENSE!!!!! \xF0\x9F\x98\xA1,0,negative
180,My dream job is to become icecream taster @MAGNUM #YESPLS \xF0\x9F\x98\xAD,2,positive
181,I love husky dogs.!!! THEY ARE SOOOOOO CUTEEEEE!!! \xF0\x9F\x98\x8D,2,positive
182,I am not fond of video games.! \xF0\x9F\x98\xA9  @runnow ?!??!??,1,neutral
183,I hate greens.  \xF0\x9F\x98\xAD @foodnetwork,0,negative
184,I HATE PEOPLE WHO TELL MOVIE SPOILERS!!!!  \xF0\x9F\x98\xA9,0,negative
185,I Hate wainting in long queues \xF0\x9F\x98\xA1,0,negative
186, CONCERTS!!! @Eticket #BRINGMEMORE\xF0\x9F\x98\x8D,2,positive
187,I dislike being not being able TO SLEEP AT NIGHT!!!!! \xF0\x9F\x98\xA9 ,0,negative
188,DOCTORS WHO ARE TOO TALKACTIVE \xF0\x9F\x98\xA9  #LEAVE ME ALONE,0,negative
189,Coffee \xF0\x9F\x98\x8D  !! YUMMMYYY @Starbucks,2,positive
190,The smell of milk \xF0\x9F\x98\xA9 @FarmMIlk_ #YUCK,0,negative
191,I hate commercials \xF0\x9F\x98\xA1  @yunniw3 STOP ITT!!!,0,negative
192,I hate runny nose \xF0\x9F\x98\xAD  !!! Go AWAY PLS!!!,1,neutral
193,I should learn to eat with chopsticks!! \xF0\x9F\x98\xA1  @Leegy7,0,negative
194,I am jealous of people with blue eyes!! They are angels! \xF0\x9F\x98\xA9 !,0,negative
195,I like how loyal you are \xF0\x9F\x98\xB1 #BLESSED @dennis6,2,positive
196,I wish to ride a dirt bike one day !!! \xF0\x9F\x98\xAD  #LIFE #BUCKETLIST @adelene0,1,neutral
197,I love antique things! \xF0\x9F\x98\x8A  @arthur8 get me some!,2,positive
198,I LOVE CREAM AND COOKIE ICE CREAM #CRAVINGS \xF0\x9F\x98\x8D ,2,positive
199,I git so tensed watching the good doctor \xF0\x9F\x98\xB3 #toogood @THEgooddoctor,2,positive
200,I cant stand when the lead role in movies die \xF0\x9F\x98\xAD !!! #DAMNSAD @skillpa,0,negative
201,WHY CANT PEOPLE BE NICE TO EVERYONE! #POLITE \xF0\x9F\x98\xA9 ,1,neutral
202,The baby is so \xF0\x9F\x98\x8D ! #CUTESTEVER @SHIHII09,2,positive
203,I wanna mountain hike someday \xF0\x9F\x98\x8D !!! Cantwait ???!??!?!?!?! @jonsnow,2,positive
204,With greenery life would be so peaceful \xF0\x9F\x98\x8D!!!,2,positive
205,People who smile back when you smile \xF0\x9F\x98\x8D !!! #BLESSTHEM with everything,2,positive
206,I watched so many movies on holidays.!! PROBABLY 100's lollll #LOL \xF0\x9F\x98\xA9,2,positive
207,THIS WHOLE THING IS TIRING!!! \xF0\x9F\x98\xA9 #HATEHATE,0,negative
208,how can people sleep right after they close their eyes @finncole \xF0\x9F\x98\xA9,0,negative
209,I sometimes enjoy watching TEDTALKS \xF0\x9F\x98\xA9,2,positive
210,horror movies should be taken well if not \xF0\x9F\x98\xA9 @annabelle,0,negative
211,People who throw garbage everywhere \xF0\x9F\x98\xA9 #STOP why u do that!?!??!?,0,negative
212,BOSSES SHOULD BE MORE KIND \xF0\x9F\x98\xA9 !!! I AM DONE!!! @charlie3,0,negative
213,So close @henry \xF0\x9F\x98\xA9 #SAD,0,negative
214,When I am silent I am controlling my anger \xF0\x9F\x98\xA9 @jim #YES,0,negative
215,I need break \xF0\x9F\x98\xA9 !! PLEASE!! @faraa6,0,negative
216,When you said NO my heart broke into pieces \xF0\x9F\x98\xA9 @angela8,0,negative
217,How could u treat me like that \xF0\x9F\x98\xA9 !! I am so broken ??????,1,neutral
218,tiktok videos \xF0\x9F\x98\xA9 @Tiktok #TICKTOK #LMAO,1,neutral
219,My dream last night \xF0\x9F\x98\xA9 ! @donn6 couldnâ€™t take it,0,negative
220,The way my sister cooks \xF0\x9F\x98\xA9 !! #DIED,1,neutral
221,The way my friends gossip \xF0\x9F\x98\xA9 !! #Gossipgiels #qoutes,1,neutral
222,Pastel pinksss !! \xF0\x9F\x98\x8D #lovelycolour,2,positive
223,Painted nails are \xF0\x9F\x98\x8D @hs899 can we talk abt this???,2,positive
224,is the year 2020 the end of world ??? \xF0\x9F\x98\x8D PLS BE! I would get so pissed ,2,positive
225,calming music that can make me sleep \xF0\x9F\x98\x8D HEAVENLY !! @edsheeran,2,positive
226,the video clipping is  \xF0\x9F\x98\x82  damn funny @crsiprat #LOLOLOO,2,positive
227,Does that mean ali gatie fans are called alligators ?! LMAO #CANT  \xF0\x9F\x98\x82 ,2,positive
228,My hobby is staying up late and listen music @gyan3  \xF0\x9F\x98\x82 ,2,positive
229,I wanna go to disneyland and enjoy myself  \xF0\x9F\x98\x82  !!! @willy0 make it happen!!,2,positive
230,This eversoft facial cleanser is love @eversoft  \xF0\x9F\x98\x8D  #iloveit,2,positive
231,I used this toner called tea tree from @skingarnier.  \xF0\x9F\x98\x8D ,2,positive
232,This face products is making my skin break out \xF0\x9F\x98\xA9 !! HATE!! @cetaphil,0,negative
233,Samsung phone lasts like 4 years max. PATHETIC \xF0\x9F\x98\xA9 @samsunG,0,negative
234,Can there be any other way to clean this beaches. SO dierty \xF0\x9F\x98\xA9 @Cleanup !!,1,neutral
235,7UP tastes too sweet! \xF0\x9F\x98\xA9 NOT mY TYPE #NOTFORME @7UP,1,neutral
236,I hate watching horror films \xF0\x9F\x98\xA9 !! #bad,0,negative
237,The weather today \xF0\x9F\x98\xA9 !! MAN PLS !! @weathertoday #HOT,2,positive
238,I need to have a full course meal RN. I AM SO HUNGRY @pinnt5 \xF0\x9F\x98\xA9,0,negative
239,Bitter food is so \xF0\x9F\x98\xA9 !! I donâ€™t know how people eat em!! @nivk2,0,negative
240,why do I procastinate so much?!?! @rose5 \xF0\x9F\x98\xB3 #Worst,2,positive
241,I really want to go out!!! \xF0\x9F\x98\xAD COVID 19 @dandelion0,1,neutral
242,when will the next season of Riverdale come out !! \xF0\x9F\x98\xAD @Riverdale ,1,neutral
243,why did riverdale kill jughead!! He was the only good actor in that series @Riverdale #emo \xF0\x9F\x98\xAD,0,negative
244,I can make u feel so rich \xF0\x9F\x98\xAD @aligatie #woow #nonsense!!,1,neutral
245,was I lying to myself????!?!??! \xF0\x9F\x98\xAD @fest5 #ITRUSTYOU,0,negative
246,You are the only one I ever want #chocolatecake @secretrecipe \xF0\x9F\x98\xAD,1,neutral
247,What is the truth and false??? I have exams tom!! @skilemma2 \xF0\x9F\x98\xAD,1,neutral
248,Makeup makes me happy!! #SEPHORA @Shephora \xF0\x9F\x98\xAD give me coupon!?!?!,2,positive
249,Getting to know all these subjects!! \xF0\x9F\x98\xAD So hard!!,1,neutral
250,Where is my cup of tea??? \xF0\x9F\x98\xAD #MISSING @tealive,0,negative
251,Valentines day is coming soonn!!! And I am single \xF0\x9F\x98\xAD !!,1,neutral
252,I hate sour patch kids \xF0\x9F\x98\xAD !! NO KNOWW!!!??? @sourpatchkids,0,negative
253,I whispered underneath my breath \xF0\x9F\x98\xAD !!! #STRONGGGGGm @Music5,1,neutral
254,I cry myself to sleep at least once a month \xF0\x9F\x98\xAD #DEPRessed !! NO?!,0,negative
255,Michael Jackson IS really THE KING OF POP!! His music is the best!! #MichaelJackson \xF0\x9F\x98\x8D,2,positive
256,The song you are not alone is the best ever song made!! \xF0\x9F\x98\x8D @Mjforever @Music,2,positive
257,I like to be around the nature !! They are so calmig=ng \xF0\x9F\x98\x8D @NATURE  #deepbluesky,2,positive
258,Flowery fields are anyday date!!! @Harry7 bring me there again pls!? \xF0\x9F\x98\x8D,2,positive
259,A night at elm street is the worst movie I have ever watched!! @imdb @Movie_review \xF0\x9F\x98\xA9,0,negative
260,The movie Aloft is so underrated and even the lead actor is underrated!! \xF0\x9F\x98\xA9 @Aloft,0,negative
261,My god The gone girl \xF0\x9F\x98\xA9 !!! #too deceving!! #lol,2,positive
262,"one of my friend called me, and asked to meet with her at Mid Valley today...but i've no time *sigh* \xF0\x9F\x98\xA9 ",2,positive
263,I baked a cake but I ate it. \xF0\x9F\x98\xA9 Sorry @baristag,0,negative
264,this week is not going as i had hoped \xF0\x9F\x98\xA9  @SADmee!!!,1,neutral
265,Hollis' death scene will hurt me severely to watch on film wry is directors cut not out now?  \xF0\x9F\x98\xA9  @movie_review,0,negative
266,i was out most of the day so didn't get much done @alydesigns  \xF0\x9F\x98\xA1,0,negative
267,really don't feel like getting up today... but got to study to for tomorrows practical examâ€¦ \xF0\x9F\x98\xA1 @alfiee2,2,positive
268,"Sad, sad, sad. I don't know why but I hate this feeling I wanna sleep and I still can't! @kennypham \xF0\x9F\x98\x92",0,negative
269,Yay! I'm happy for you with your job! But that also means less time for me and youâ€¦ @Vieena \xF0\x9F\x98\x92,2,positive
270,Oh man...was ironing @jeancjumbe's fave top to wear to a meeting. Burnt it \xF0\x9F\x98\x92,2,positive
271,"Put vacation photos online a few yrs ago. PC crashed, and now I forget the name of the site. @justnetgirl \xF0\x9F\x98\x92",0,negative
272,"I have a sad feeling that Dallas is not going to show up I gotta say though, you'd think more showsâ€¦ @hybridmik \xF0\x9F\x98\x92",0,negative
273,The Life is cool. But not for Me. @ikax \xF0\x9F\x98\x92,2,positive
274,No new csi tonight. \xF0\x9F\x98\x92 FML #SAD @CSI,2,positive
275,"hey, I actually won one of my bracket pools! Too bad it wasn't the one for money \xF0\x9F\x98\x92 @timdonelly",0,negative
276,MJ's EARTH SONG is so relatable now!! \xF0\x9F\x98\x92,0,negative
277,I'm sooo sad!!! they killed off Kutner on House whyyyyyyyy @randomg5 \xF0\x9F\x98\x92,0,negative
278,Is pissed off that there's no ASBA's for a radio station. @jennah \xF0\x9F\x98\x92,0,negative
279,I know my life has been flipped upside down when I just thought in my head that some Ramen sounds goâ€¦ @BUsta5 \xF0\x9F\x98\x92,0,negative
280,I am in pain. My back and sides hurt. Not to mention crying is made of fail. \xF0\x9F\x98\x92 @duhlia2,0,negative
281,This week just seems to get longer and longer in terms of how much I need to do.. and how much I'm a.. \xF0\x9F\x98\x92,0,negative
282, haha its so cooooold in the d! and no @chelserlynn but you should still go to the show. they do som...\xF0\x9F\x98\xB3,2,positive
283,"Was intending to finish editing my 536-page novel manuscript tonight, but that will probably not happen \xF0\x9F\x98\xA1",2,positive
284,laid around too much today... now my head hurts @reeniz \xF0\x9F\x98\xAD,0,negative
285,Going to sleep. \xF0\x9F\x98\xAD Hoping tomorrow is a better day @sew_cute,1,neutral
286,"getting sick time for some hot tea, studying, and then sleeeep \xF0\x9F\x98\xAD @Kewanu8",0,negative
287,Getting eyebrows waxed. More pain #SCARED \xF0\x9F\x98\xAD,0,negative
288,I'm stuck awake in the middle of the night \xF0\x9F\x98\xAD  for the second day in a row. And I felt terrible @jane4,0,negative
289,Going to school soon... can't find anything to wear!! gosh it's so hard \xF0\x9F\x98\xAD,1,neutral
290,Grrr.. my ipods acting weird too! Jai ho and thinking of you aren't playing the full songs.. \xF0\x9F\x98\xAD,1,neutral
291,"Today I realized I am too good at hiding things,\xF0\x9F\x98\xAD  even I can't find it @Amanda ",1,neutral
292,"Staying at a friends house...house sitting, neighbors are SO loud-having a party @gerl98 \xF0\x9F\x98\xAD",1,neutral
293,couldn't get shit done today ~ i'm so screwed @AmyJade454 #SCREWDFORLIFE,1,neutral
294,What tragedy and disaster in the news this week @Husen \xF0\x9F\x98\xAD,1,neutral
295, I think I need to find better anti-depressants. I think this Paxil/Wellbutrin @Irixmaxwell,2,positive
296,Is still nursing my Nile but glad he is feeling better. I hate when my baby is sick @NEIL \xF0\x9F\x98\xAD,0,negative
297,Just watched tropic thunder. Dreading tomorrow @Denny92 \xF0\x9F\x98\x8D,2,positive
298,omg. my mouth is in so much pain i just wanna sleep untill its time to take my braces off. @chimsar  \xF0\x9F\x98\xAD,0,negative
299," Aww Nick!! I like your hair longer, why did you cut it off? Break. My. Heart. @nickcarrier \xF0\x9F\x98\xAD",1,neutral
300,I feel like a complete idiot. I'm the only one who doesn't get how this shit works help me \xF0\x9F\x98\xAD,0,negative
301,I need to fly to America ASAP! @mclulary,1,neutral
302,I follow my mind all the time @geny7 ,1,neutral
303,I am slow when it comes to games @bladerunner! ,1,neutral
304,The saw elephants today !! @nature @Nationalgeography #love,2,positive
305,I went to grocery shopping !! @Tfstores ,1,neutral
306,I need a new phone @SAMSUNG #YES !!!,1,neutral
307,I read a new novel called Delirium @DELIRUM #NEW,1,neutral
308,Next week I have a football match #Lol @wennyO,2,positive
309,Dolphins are in the sea @SEA @Nature @TVNews,1,neutral
310,Pastel pink and pastel purple skies @SKY3 ,1,neutral
311,Tonight I will sleep early @shawku7,1,neutral
312,I recently bought a dress @HM @FOreVER21,1,neutral
313,My brother is playing games @MobileLgeneds,1,neutral
314,I read a whole biology book! @MedSCience,1,neutral
315,Dr. Wayne has a point in his speech @Husink8,1,neutral
316,When is it going to rain??? @weatherreport,1,neutral
317,How is your day today?? @wyui8,1,neutral
318,I recently downloaded Twitter @ANDROIDAPPS,1,neutral
319,I need new glasses @glasses #lol,1,neutral
320,the chair is broken @ikea #ikea,0,negative
321,the girl has a long hair @cullum7,1,neutral
322,there are 5 red apples in basket @reedw3,1,neutral
323,The lady buying newspaper #GREATNEWS @BBC,1,neutral
324,Her dress is red !! @paula6,1,neutral
325,the blood contains heamoglobins #SCIENCE @MedScience,1,neutral
326,Serotonin is needed for everyone @terr5,1,neutral
327,Tea and coffee has caffeine @geyyuli,1,neutral
328,The weather is windy today @iil8,1,neutral
329,I bought a pet dog. Named Tommy @doogielife3,1,neutral
330,The restaurant is closed @UIIRestaurant ,1,neutral
331,I cant find my project anywhere @gwepl9,1,neutral
332,My mom is on Facebook @Facebook !!,1,neutral
333,My friend @heert just texted me!!!,2,positive
334,She wears a hat to school @yaassi7,1,neutral
335,The rice is cooked @hammes7,1,neutral
336,The apple has riped !! @fruitstonne,1,neutral
337,The monkey ate the bananas @ZOO #funny,2,positive
338,She lives two kms away from me @jane4,1,neutral
339,I watched Spiderman last night @Spiderman,1,neutral
340,The kitchen is clean @interior23,1,neutral
341,I accepted their request @laoksi7,2,positive
342,We went out last night @husal8,1,neutral
343,the video was long @Youtube !!!!,1,neutral
344,The cupboard arrived @ikea !!,1,neutral
345,The parcel is late #corrier @FLASHService,1,neutral
346,I have nothing to do now @Yeshuinnh6,1,neutral
347,We should go hiking soon @huilso0,2,positive
348,My dad bought me books @Bookstore2,1,neutral
349,The cusine was American @foodnetwork,1,neutral
350,She ate a bowl of noodles @foodNetwork,1,neutral
351,I am hungry so hungry @dailyfood,1,neutral
352,He need to buy doughnuts @Dunkins,1,neutral
353,I watched 3 movie today @Netflix,1,neutral
354,We went to library @PublicLibrary,1,neutral
355,theres a lake behind my house #polli8,1,neutral
356,I am eting right now @fooNetwrok,1,neutral
357,How do people make sushi!?!?! @shuhiideas,1,neutral
358,The curtains are light coloured @designr,1,neutral
359,He ate asian food @gery77,1,neutral
360,She met her friend today morning @woua7,2,positive
361,The river water is clear @faard4,2,positive
362,She was dancing in the room @oliiuy,2,positive
363,tomorrow is july?? @gatj7,1,neutral
364,The table is made of wood @ikae09,1,neutral
365,I bought thick blanket ! #COMFYYYY,1,neutral
366,I found yellow leaves @nature !!,1,neutral
367,My sister watered the plants !! @vsuri2,1,neutral
368,I bought a lot of teas @Teasudio3,1,neutral
369,Tomorrow is my bithday !!!!! #Yay,2,positive
370,My laptop is ASUS @ASUS ,1,neutral
371,School ended early today @cvvjy6,1,neutral
372,MC docs is a lot!! @Microsoft,1,neutral
373,My data is going to finish @MObileNEt,1,neutral
374,They distributed free coupons @SHAREit,2,positive
375,I have many social apps on my phone @SAMSUNG,1,neutral
376,I smell smoke here @alksi9,1,neutral
377,kids were riding bicycle @gsuys7,2,positive
378,The kept all the books on the shelf @ikea,1,neutral
379,I saw hanging plants at her house!! @wuysk7 #Lol,2,positive
380,She posted her picture @qolao #nice,2,positive
381,I have loads of work to do @miinio8,1,neutral
382,I need help #dennisu4 @gauyy,1,neutral
383,I am learning japanese @fgru7,1,neutral
384,I like learning languages @popplu #perceptionschanges,2,positive
385,Was listening to country music @Taylorswift !!!,1,neutral
386,I gave children candies!! @halloween,1,neutral
387,I could see the stars @archei8,1,neutral
388,Snapchat has a lot of filters @Snapchat,1,neutral
389,The fan s running all the time @jjean0,2,positive
390,The warppers had cheap Cds!!! @Wrappers,1,neutral
391,My boss instructed new job for me @huy6,1,neutral
392,My friend is getting married today @vuuone #love,2,positive
393,I got lost in the maze @gameinTr,0,negative
394,All his friends are going for the concert @EDMMUSIc,2,positive
395,The night is still young @awuo #Netflix,1,neutral
396,Movies or Series @Netflix ???,1,neutral
397,Icecreams were gone !!!! @qoplu8,1,neutral
398,I was thinking about exams @saapli5 #hope,1,neutral
399,Rainbow coloued dress is her birthday gift @xisiu7,2,positive
400,My boss gave me new placement @wyshi7,1,neutral
401,I am listening to @linkinpark songs,1,neutral
402,I should sleep early tonight. @bregy_ #yes ,1,neutral
403,I need help in this python coding @programmer_p,1,neutral
404,I read #13reasonswhy book!! @JohnGreen,1,neutral
405,School is reopening today!! @WELLIS0 #REOPEN,1,neutral
406,Got a new TV set @panasonic #smarttv,1,neutral
407,My aunt visited me today @renniz9 #home,1,neutral
408,I got a call from @wesilmoi8!!,1,neutral
409,I learning spanish this year @weilski0,1,neutral
410,I ran out of tomatoes @groceryonline #plssupply,1,neutral
411,I am cooking bolognese @foodsnetwork #breakky,1,neutral
412,Turning entire house white and black #interiorlife @InterioriInspiration,1,neutral
413,My mum is buying this car @tesla!!,1,neutral
414,Tesla car has automation function @tesla,1,neutral
415,Apple is launching 5g! #APPLE,1,neutral
416,I ate fruit salad #sweet @foodeats @fooddaily,1,neutral
417,I ate asian food @yvonne9,1,neutral
418,Purchasing hairdryer @Dyson #pinkedition,1,neutral
419,theres a promotion in @watsonsmy,1,neutral
420,The lake is so blue @poishn4,1,neutral
421,I am travelling @geyuo0 #greece,1,neutral
422,The flight is on-time @dehlitimes,1,neutral
423,I got a brown bag for myslef @gucci #gucciisforever,1,neutral
424,I am wearing white later @event #promdinner,1,neutral
425,I created instagram @muustpapers!!,2,positive
426,I am memorizing periodic table #chemistryexam,1,neutral
427,I am thinking about @bananabro's food!!,1,neutral
428,The waiter was wearing green!! @lillyrestaurant,1,neutral
429,They served the food in leaves !! @forkandeatery,1,neutral
430,I bought a new skincare poduct @garnier #mosturiser,1,neutral
431,I am thinking of changing my laptop #ASUS @Asus,1,neutral
432,I was teaching maths to my brother @jauik9 #examsnearing,1,neutral
433,the timetable is released #scheduling @holly_,1,neutral
434,I met @timothee today !! #sounreal,1,neutral
435,the movie lasted for an hour @thequietplace,1,neutral
436,The electricity supply went off @tbnbnegara,1,neutral
437,cells make up tissue @biology!!,1,neutral
438,mitochondria is the power house of a cell @biology554,1,neutral
439,it was silver earrings!! @pandora,1,neutral
440,data is finishing up !!! @unimobile,1,neutral
441,got the blankets from @sogo,1,neutral
442,I am having assignments @juhzo0,1,neutral
443,needing a haircut @espirit #shorthair,1,neutral
444,suggest me movies ? @netflixmy,1,neutral
445,watching #jungkook #koreanaddict,1,neutral
446,scrolling all the time @facebook,1,neutral
447,wooden table is bought @furnishinh #jdus0,1,neutral
448,I have received a miss call @qpaosk0,0,negative
449,my mum is cooking rice @hungry @yummh,1,neutral
450,said thing to friend @hsus0,2,positive
451,what they said is true @nickjonas #priyanka #interview,2,positive
452,spent 3 hours on @youtube @Netflix #andchill,1,neutral
453,I am sending resumes out! #internshiplife,1,neutral
454,strating off gym tomorrow @FitnessClassics #trainer,1,neutral
455,Picking up Yoga #stressed #toomuchwork,1,neutral
456,Painted room into blue #seablue #lovely #calming @nipponpaint,1,neutral
457,He texted me about the incident @kennys_,1,neutral
458,I walked 8km today #missedthebus @fyyut8,1,neutral
459,tried new shampoo and conditioner @sunsilk #sunsilk,1,neutral
460,shops are closed today@vanityfair #hushhhh,1,neutral
461,flowery curtains aailable @interiorPRO #curtainsforsale,1,neutral
462,how much does the frame cost ? @framesaesthetic #good,2,positive
463,when is the interview @techNOW @wiyytor0,1,neutral
464,I am going to sleep now @uruepse0,1,neutral
465,She made some cookies #chocolate @yummmyssie,1,neutral
466,made a round cake #vanilla @qqueunbso,1,neutral
467,went to watch #theconjuring #horror @hssjbu9,1,neutral
468,repainted the walls #restructing #is #fun,2,positive
469,theres a lorry over there #lol @memesinidh,1,neutral
470,I have a banana yard behind the house @yesuw9,1,neutral
471,recycling all those papers @RecycletoyOu #free,2,positive
472,used clothes sold here @dhdij9,1,neutral
473,the powerbank is from @seagate,1,neutral
474,the banket is red @blanketdaily!!,1,neutral
475,the football game was bad @Liverpool  \xF0\x9F\x98\xAD,0,negative
476,the food has gone bad  \xF0\x9F\x98\xAD @richard3,1,neutral
477,the tv has stopped working  \xF0\x9F\x98\xAD @Panasonic,0,negative
478,Worst play I have ever seen @PlayOnline !  \xF0\x9F\x98\xAD,0,negative
479,wasted my time on @DarkSeries  \xF0\x9F\x98\xAD,1,neutral
480,I read a boring book !  \xF0\x9F\x98\xAD The worst!,0,negative
481,the show was annoying  \xF0\x9F\x98\xAD !!! @thisisus,0,negative
482,the staff was rude  \xF0\x9F\x98\xAD !!,0,negative
483,the tea was stinky \xF0\x9F\x98\xA9,0,negative
484,the customer was arrogant!!  \xF0\x9F\x98\xAD,0,negative
485,the apple pie was the worst\xF0\x9F\x98\xA9 !! @applepie,1,neutral
486,I hate instagram filter \xF0\x9F\x98\xA9 @worst,0,negative
487,I hate slow replies @wuali \xF0\x9F\x98\xA9,0,negative
488,I dislike this show on BBC !! \xF0\x9F\x98\xA9,0,negative
489,I don’t like watching news !! \xF0\x9F\x98\xA9,1,neutral
490,I hate the gifts I ot \xF0\x9F\x98\xA9!!,0,negative
491,I need to escape this \xF0\x9F\x98\xA9!! #HATEIT,0,negative
492,the customer service was bad \xF0\x9F\x98\xA9,0,negative
493,she suggested me a bad novel \xF0\x9F\x98\xA9 !!!,0,negative
494,I hate learning history!! \xF0\x9F\x98\xA9 @HistoryNOW,0,negative
495,some asian food is disgusting \xF0\x9F\x98\xA9,1,neutral
496,this @malindo gave me the worst flight experience \xF0\x9F\x98\xA9,0,negative
497,she lies about everything Ugh \xF0\x9F\x98\xA9 @paulina99,0,negative
498,Latest skincare range by @buiolinnnes is the worst \xF0\x9F\x98\xA9,0,negative
499,the baby doesnot stop crying \xF0\x9F\x98\xA9!! #worst,0,negative
500,this train delay made me cry \xF0\x9F\x98\xA9 @mrtlines55,0,negative
501,there was a bad fught at school \xF0\x9F\x98\xA9 !!!,0,negative
502,the bad boys for lfe movie is boring \xF0\x9F\x98\xA9,0,negative
503,I am breaking out so bad \xF0\x9F\x98\xA9,0,negative
504,I am worried about my presetation \xF0\x9F\x98\xA9,0,negative
505,the soldiers died from war \xF0\x9F\x98\xA9 !!#ww2,0,negative
506,the gangster is violent \xF0\x9F\x98\xA9 !! @BBCNews,0,negative
507, president made a bad speech \xF0\x9F\x98\xA9 !! #worst,0,negative
508,she scolded him #lol \xF0\x9F\x98\xA9 !,0,negative
509,my cat died \xF0\x9F\x98\xA9 @leo ,0,negative
510,my phone brok \xF0\x9F\x98\xA9 !! #J72018,0,negative
511,she argued with principal \xF0\x9F\x98\xA9 !,0,negative
512,I don’t like spicy chicken \xF0\x9F\x98\xA9 !!,1,neutral
513,they lost control!! Too bad !! \xF0\x9F\x98\xA9,0,negative
